{
  "project_info": {
    "project_number": "287123637892",
    "firebase_url": "https://proejto-teste-e4599-default-rtdb.firebaseio.com",
    "project_id": "proejto-teste-e4599",
    "storage_bucket": "proejto-teste-e4599.appspot.com"
  },
  "client": [
    {
      "client_info": {
        "mobilesdk_app_id": "1:287123637892:android:729870dbe0c91b0c3124d1",
        "android_client_info": {
          "package_name": "com.example.lobby"
        }
      },
      "oauth_client": [
        {
          "client_id": "287123637892-ps9jmuktq9d4hd9gv9odl5fakh7iivog.apps.googleusercontent.com",
          "client_type": 1,
          "android_info": {
            "package_name": "com.example.lobby",
            "certificate_hash": "fdb214ed326c4930f239734bdee01f685d0c15ff"
          }
        },
        {
          "client_id": "287123637892-8cqln2ekhabqj7mh90uhem9a1jsrmhjk.apps.googleusercontent.com",
          "client_type": 3
        }
      ],
      "api_key": [
        {
          "current_key": "AIzaSyDeSLQ_jGw_rn8ZKXcDvdvszFrCgzt4eYU"
        }
      ],
      "services": {
        "appinvite_service": {
          "other_platform_oauth_client": [
            {
              "client_id": "287123637892-8cqln2ekhabqj7mh90uhem9a1jsrmhjk.apps.googleusercontent.com",
              "client_type": 3
            }
          ]
        }
      }
    },
    {
      "client_info": {
        "mobilesdk_app_id": "1:287123637892:android:084f6d8e2147bb8b3124d1",
        "android_client_info": {
          "package_name": "com.example.qrcodeproject"
        }
      },
      "oauth_client": [
        {
          "client_id": "287123637892-cpgleuggek6vnkn9deu953uiduj08a6u.apps.googleusercontent.com",
          "client_type": 1,
          "android_info": {
            "package_name": "com.example.qrcodeproject",
            "certificate_hash": "fdb214ed326c4930f239734bdee01f685d0c15ff"
          }
        },
        {
          "client_id": "287123637892-8cqln2ekhabqj7mh90uhem9a1jsrmhjk.apps.googleusercontent.com",
          "client_type": 3
        }
      ],
      "api_key": [
        {
          "current_key": "AIzaSyDeSLQ_jGw_rn8ZKXcDvdvszFrCgzt4eYU"
        }
      ],
      "services": {
        "appinvite_service": {
          "other_platform_oauth_client": [
            {
              "client_id": "287123637892-8cqln2ekhabqj7mh90uhem9a1jsrmhjk.apps.googleusercontent.com",
              "client_type": 3
            }
          ]
        }
      }
    }
  ],
  "configuration_version": "1"
}